{
  "accuracy": 0.860625,
  "f1_weighted": 0.8598772548597627,
  "report": {
    "anger": {
      "precision": 0.85785536159601,
      "recall": 0.7962962962962963,
      "f1-score": 0.8259303721488596,
      "support": 432.0
    },
    "fear": {
      "precision": 0.8342105263157895,
      "recall": 0.8191214470284238,
      "f1-score": 0.8265971316818774,
      "support": 387.0
    },
    "joy": {
      "precision": 0.8354537743850721,
      "recall": 0.9188432835820896,
      "f1-score": 0.8751665926254998,
      "support": 1072.0
    },
    "love": {
      "precision": 0.811965811965812,
      "recall": 0.7279693486590039,
      "f1-score": 0.7676767676767676,
      "support": 261.0
    },
    "sadness": {
      "precision": 0.925638179800222,
      "recall": 0.8938906752411575,
      "f1-score": 0.9094874591057798,
      "support": 933.0
    },
    "surprise": {
      "precision": 0.8,
      "recall": 0.7304347826086957,
      "f1-score": 0.7636363636363637,
      "support": 115.0
    },
    "accuracy": 0.860625,
    "macro avg": {
      "precision": 0.8441872756771508,
      "recall": 0.8144259722359445,
      "f1-score": 0.8280824478125246,
      "support": 3200.0
    },
    "weighted avg": {
      "precision": 0.8614321670972401,
      "recall": 0.860625,
      "f1-score": 0.8598772548597627,
      "support": 3200.0
    }
  }
}